#SCHEMA_VERSION=5.1,CREATED=2026-03-16,UPDATED=2026-03-19,FIXES=8_param_name_mismatches_aligned_to_MR_PARAMETERS
STING Tag Configuration v5.0 - STR (COMPLETE with Warnings)
6B — Structural
Tag Family #1: STING - Structural Column Tag
TAG7: STR_TAG_7_PARA_COL_TXT  •  Category: Structural Columns
#,Tier,Parameter,Prefix,Suffix,Spc,Brk,Discipline,Type,Name,Formula
1,T1,ASS_TAG_1_TXT,,,0,✓,---,---,---,Add directly
2,T2,ASS_TAG_2_TXT,,,0,✓,Common,Text,Show Tier 2 - 2,"if(TAG_PARA_STATE_2_BOOL, ASS_TAG_2_TXT, """")"
3,T2,ASS_DESCRIPTION_TXT,,,0,✓,Common,Text,Show Tier 2 - 3,"if(TAG_PARA_STATE_2_BOOL, ASS_DESCRIPTION_TXT, """")"
4,T2,STR_COL_SECTION_TXT,Sec:,,0,,Common,Text,Show Tier 2 - 4,"if(TAG_PARA_STATE_2_BOOL, STR_COL_SECTION_TXT, """")"
5,T2,STR_COL_SIZE_MM,,mm,0,✓,Common,Text,Show Tier 2 - 5,"if(TAG_PARA_STATE_2_BOOL, STR_COL_SIZE_MM, """")"
6,T2,STR_COL_MATERIAL_TXT,Mat:,,0,,Common,Text,Show Tier 2 - 6,"if(TAG_PARA_STATE_2_BOOL, STR_COL_MATERIAL_TXT, """")"
7,T2,BLE_STRUCT_STEEL_GRADE_TXT,| Gr:,,0,✓,Common,Text,Show Tier 2 - 7,"if(TAG_PARA_STATE_2_BOOL, BLE_STRUCT_STEEL_GRADE_TXT, """")"
8,T2,STR_COL_HEIGHT_MM,Ht:,mm,0,✓,Common,Text,Show Tier 2 - 8,"if(TAG_PARA_STATE_2_BOOL, STR_COL_HEIGHT_MM, """")"
9,T2,STR_LOAD_AXIAL_KN,Load:,kN,0,✓,Common,Text,Show Tier 2 - 9,"if(TAG_PARA_STATE_2_BOOL, STR_LOAD_AXIAL_KN, """")"
10,T2,PER_FIRE_RATING_HR,,hr,0,✓,Common,Text,Show Tier 2 - 10,"if(TAG_PARA_STATE_2_BOOL, PER_FIRE_RATING_HR, """")"
11,T2,RGL_STD_TXT,Std:,,0,✓,Common,Text,Show Tier 2 - 11,"if(TAG_PARA_STATE_2_BOOL, RGL_STD_TXT, """")"
12,T3,STR_TAG_7_PARA_COL_TXT,,,0,✓,Common,Text,Show Tier 3 - 12,"if(TAG_PARA_STATE_3_BOOL, STR_TAG_7_PARA_COL_TXT, """")"
13,T3,STR_COL_GRID_REF_TXT,Grid:,,0,,Common,Text,Show Tier 3 - 13,"if(TAG_PARA_STATE_3_BOOL, STR_COL_GRID_REF_TXT, """")"
14,T3,STR_COL_SPLICE_DETAIL_TXT,| Splice:,,0,✓,Common,Text,Show Tier 3 - 14,"if(TAG_PARA_STATE_3_BOOL, STR_COL_SPLICE_DETAIL_TXT, """")"
15,T3,STR_FIRE_PROTECTION_TYPE_TXT,FP:,,0,,Common,Text,Show Tier 3 - 15,"if(TAG_PARA_STATE_3_BOOL, STR_FIRE_PROTECTION_TYPE_TXT, """")"
16,T3,STR_COL_BASE_PLATE_TXT,| BP:,,0,✓,Common,Text,Show Tier 3 - 16,"if(TAG_PARA_STATE_3_BOOL, STR_COL_BASE_PLATE_TXT, """")"
17,T3,CST_S_REI_WEIGHT_KG,,kg,0,✓,Common,Text,Show Tier 3 - 17,"if(TAG_PARA_STATE_3_BOOL, CST_S_REI_WEIGHT_KG, """")"
18,T3,STR_COL_MOMENT_CAPACITY_KNM,Mom:,kNm,0,✓,Common,Text,Show Tier 3 - 18,"if(TAG_PARA_STATE_3_BOOL, STR_COL_MOMENT_CAPACITY_KNM, """")"
19,T3,PER_SUST_EMBODIED_CARBON_KG,,kgCO₂/m²,0,✓,Common,Text,Show Tier 3 - 19,"if(TAG_PARA_STATE_3_BOOL, PER_SUST_EMBODIED_CARBON_KG, """")"
20,T3,ASS_STATUS_TXT,,,0,✓,Common,Text,Show Tier 3 - 20,"if(TAG_PARA_STATE_3_BOOL, ASS_STATUS_TXT, """")"
21,T3,ASS_CST_TOTAL_UGX_NR,,UGX,1,✓,Common,Text,Show Tier 3 - 21,"if(TAG_PARA_STATE_3_BOOL, ASS_CST_TOTAL_UGX_NR, """")"
22,T3,CST_DELIVERY_LEAD_TIME_DAYS,Lead:,days,0,,Common,Text,Show Tier 3 - 22,"if(TAG_PARA_STATE_3_BOOL, CST_DELIVERY_LEAD_TIME_DAYS, """")"
23,T3,CST_LOCAL_MAT_BOOL,| Local:,,0,✓,Common,Text,Show Tier 3 - 23,"if(TAG_PARA_STATE_3_BOOL, CST_LOCAL_MAT_BOOL, """")"
24,T3,RGL_QA_COMMISSIONING_REQ_TXT,Comm:,,0,✓,Common,Text,Show Tier 3 - 24,"if(TAG_PARA_STATE_3_BOOL, RGL_QA_COMMISSIONING_REQ_TXT, """")"
⚠ WARNING PARAMETERS — add after all Tier rows (Break = ✓ Calculated Value gates visibility)
#,Sev,Warning Parameter Name,Threshold Condition,Standard,Dis.,Type,Name,Calculated Value Formula
1,CRITICAL,WARN_PER_FIRE_RATING_HR_NR_STR_COLUMNS,Fire rating < 1.0 hr,Building Regs Part B / BS 9999 Table 10,Common,Text,⚠ Warning: Column Fire Rating,"if(TAG_WARN_VISIBLE_BOOL, WARN_PER_FIRE_RATING_HR_NR_STR_COLUMNS, """")"
2,HIGH,WARN_STR_LOAD_AXIAL_KN_COLUMNS,Axial load exceeds section capacity,BS EN 1993-1-1 / EC3,Common,Text,⚠ Warning: Column Load,"if(TAG_WARN_VISIBLE_BOOL, WARN_STR_LOAD_AXIAL_KN_COLUMNS, """")"
3,HIGH,WARN_STR_COL_SLENDERNESS,Slenderness ratio exceeds limit for section,BS EN 1993-1-1 / EC3 6.3.1,Common,Text,⚠ Warning: Column Slenderness,"if(TAG_WARN_VISIBLE_BOOL, WARN_STR_COL_SLENDERNESS, """")"
4,MEDIUM,WARN_PER_EMBODIED_CARBON_KG_CO2_M2_STR,Carbon > 600 kgCO₂/m²,RIBA 2030 Climate Challenge (structural),Common,Text,⚠ Warning: Embodied Carbon,"if(TAG_WARN_VISIBLE_BOOL, WARN_PER_EMBODIED_CARBON_KG_CO2_M2_STR, """")"
5,MEDIUM,WARN_STR_COL_BASE_PLATE,Base plate connection not specified,BS EN 1993-1-8 / EC3,Common,Text,⚠ Warning: Base Plate Missing,"if(TAG_WARN_VISIBLE_BOOL, WARN_STR_COL_BASE_PLATE, """")"

Tag Family #2: STING - Structural Framing Tag
TAG7: STR_TAG_7_PARA_BEAM_TXT  •  Category: Structural Framing
#,Tier,Parameter,Prefix,Suffix,Spc,Brk,Discipline,Type,Name,Formula
1,T1,ASS_TAG_1_TXT,,,0,✓,---,---,---,Add directly
2,T2,ASS_TAG_2_TXT,,,0,✓,Common,Text,Show Tier 2 - 2,"if(TAG_PARA_STATE_2_BOOL, ASS_TAG_2_TXT, """")"
3,T2,ASS_DESCRIPTION_TXT,,,0,✓,Common,Text,Show Tier 2 - 3,"if(TAG_PARA_STATE_2_BOOL, ASS_DESCRIPTION_TXT, """")"
4,T2,STR_BEAM_SECTION_TXT,Sec:,,0,,Common,Text,Show Tier 2 - 4,"if(TAG_PARA_STATE_2_BOOL, STR_BEAM_SECTION_TXT, """")"
5,T2,STR_BEAM_DEPTH_MM,,mm,0,✓,Common,Text,Show Tier 2 - 5,"if(TAG_PARA_STATE_2_BOOL, STR_BEAM_DEPTH_MM, """")"
6,T2,STR_BEAM_MATERIAL_TXT,Mat:,,0,,Common,Text,Show Tier 2 - 6,"if(TAG_PARA_STATE_2_BOOL, STR_BEAM_MATERIAL_TXT, """")"
7,T2,BLE_STRUCT_STEEL_GRADE_TXT,| Gr:,,0,✓,Common,Text,Show Tier 2 - 7,"if(TAG_PARA_STATE_2_BOOL, BLE_STRUCT_STEEL_GRADE_TXT, """")"
8,T2,STR_BEAM_SPAN_MM,Span:,mm,0,✓,Common,Text,Show Tier 2 - 8,"if(TAG_PARA_STATE_2_BOOL, STR_BEAM_SPAN_MM, """")"
9,T2,STR_LOAD_UDL_KN_M,UDL:,kN/m,0,✓,Common,Text,Show Tier 2 - 9,"if(TAG_PARA_STATE_2_BOOL, STR_LOAD_UDL_KN_M, """")"
10,T2,PER_FIRE_RATING_HR,,hr,0,✓,Common,Text,Show Tier 2 - 10,"if(TAG_PARA_STATE_2_BOOL, PER_FIRE_RATING_HR, """")"
11,T2,RGL_STD_TXT,Std:,,0,✓,Common,Text,Show Tier 2 - 11,"if(TAG_PARA_STATE_2_BOOL, RGL_STD_TXT, """")"
12,T3,STR_TAG_7_PARA_BEAM_TXT,,,0,✓,Common,Text,Show Tier 3 - 12,"if(TAG_PARA_STATE_3_BOOL, STR_TAG_7_PARA_BEAM_TXT, """")"
13,T3,STR_BEAM_CONNECTION_TYPE_TXT,Conn:,,0,,Common,Text,Show Tier 3 - 13,"if(TAG_PARA_STATE_3_BOOL, STR_BEAM_CONNECTION_TYPE_TXT, """")"
14,T3,STR_BEAM_CAMBER_MM,| Camber:,mm,0,✓,Common,Text,Show Tier 3 - 14,"if(TAG_PARA_STATE_3_BOOL, STR_BEAM_CAMBER_MM, """")"
15,T3,STR_BEAM_DEFLECTION_LIM_TXT,Defl:,,0,,Common,Text,Show Tier 3 - 15,"if(TAG_PARA_STATE_3_BOOL, STR_BEAM_DEFLECTION_LIM_TXT, """")"
16,T3,STR_FIRE_PROTECTION_TYPE_TXT,| FP:,,0,✓,Common,Text,Show Tier 3 - 16,"if(TAG_PARA_STATE_3_BOOL, STR_FIRE_PROTECTION_TYPE_TXT, """")"
17,T3,CST_S_REI_WEIGHT_KG,,kg,0,✓,Common,Text,Show Tier 3 - 17,"if(TAG_PARA_STATE_3_BOOL, CST_S_REI_WEIGHT_KG, """")"
18,T3,STR_BEAM_MOMENT_CAPACITY_KNM,Mom:,kNm,0,✓,Common,Text,Show Tier 3 - 18,"if(TAG_PARA_STATE_3_BOOL, STR_BEAM_MOMENT_CAPACITY_KNM, """")"
19,T3,STR_BEAM_WEB_OPENING_TXT,Web:,,0,,Common,Text,Show Tier 3 - 19,"if(TAG_PARA_STATE_3_BOOL, STR_BEAM_WEB_OPENING_TXT, """")"
20,T3,PER_SUST_EMBODIED_CARBON_KG,,kgCO₂/m²,0,✓,Common,Text,Show Tier 3 - 20,"if(TAG_PARA_STATE_3_BOOL, PER_SUST_EMBODIED_CARBON_KG, """")"
21,T3,ASS_STATUS_TXT,,,0,✓,Common,Text,Show Tier 3 - 21,"if(TAG_PARA_STATE_3_BOOL, ASS_STATUS_TXT, """")"
22,T3,ASS_CST_TOTAL_UGX_NR,,UGX,1,✓,Common,Text,Show Tier 3 - 22,"if(TAG_PARA_STATE_3_BOOL, ASS_CST_TOTAL_UGX_NR, """")"
23,T3,CST_DELIVERY_LEAD_TIME_DAYS,Lead:,days,0,,Common,Text,Show Tier 3 - 23,"if(TAG_PARA_STATE_3_BOOL, CST_DELIVERY_LEAD_TIME_DAYS, """")"
24,T3,CST_LOCAL_MAT_BOOL,| Local:,,0,✓,Common,Text,Show Tier 3 - 24,"if(TAG_PARA_STATE_3_BOOL, CST_LOCAL_MAT_BOOL, """")"
25,T3,RGL_QA_COMMISSIONING_REQ_TXT,| Comm:,,0,✓,Common,Text,Show Tier 3 - 25,"if(TAG_PARA_STATE_3_BOOL, RGL_QA_COMMISSIONING_REQ_TXT, """")"
⚠ WARNING PARAMETERS — add after all Tier rows (Break = ✓ Calculated Value gates visibility)
#,Sev,Warning Parameter Name,Threshold Condition,Standard,Dis.,Type,Name,Calculated Value Formula
1,CRITICAL,WARN_PER_FIRE_RATING_HR_NR_STR_BEAMS,Fire rating < 1.0 hr,Building Regs Part B / BS 9999,Common,Text,⚠ Warning: Beam Fire Rating,"if(TAG_WARN_VISIBLE_BOOL, WARN_PER_FIRE_RATING_HR_NR_STR_BEAMS, """")"
2,HIGH,WARN_STR_BEAM_DEFLECTION,Deflection exceeds L/360 (live) or L/240 (total),BS EN 1993-1-1 / EC3 NA.2.23,Common,Text,⚠ Warning: Beam Deflection,"if(TAG_WARN_VISIBLE_BOOL, WARN_STR_BEAM_DEFLECTION, """")"
3,HIGH,WARN_STR_BEAM_SPAN_DEPTH,Span/depth ratio exceeds guidance,SCI P363 / Steel Designer Manual,Common,Text,⚠ Warning: Span-Depth Ratio,"if(TAG_WARN_VISIBLE_BOOL, WARN_STR_BEAM_SPAN_DEPTH, """")"
4,MEDIUM,WARN_PER_EMBODIED_CARBON_KG_STR_BEAMS,Carbon > 600 kgCO₂/m²,RIBA 2030 Climate Challenge,Common,Text,⚠ Warning: Beam Embodied Carbon,"if(TAG_WARN_VISIBLE_BOOL, WARN_PER_EMBODIED_CARBON_KG_STR_BEAMS, """")"
5,MEDIUM,WARN_STR_BEAM_LATERAL_BRACING,Lateral bracing interval not specified,BS EN 1993-1-1 / EC3 6.3.2,Common,Text,⚠ Warning: Lateral Bracing,"if(TAG_WARN_VISIBLE_BOOL, WARN_STR_BEAM_LATERAL_BRACING, """")"

Tag Family #3: STING - Structural Foundation Tag
TAG7: STR_TAG_7_PARA_FDN_TXT  •  Category: Structural Foundations
#,Tier,Parameter,Prefix,Suffix,Spc,Brk,Discipline,Type,Name,Formula
1,T1,ASS_TAG_1_TXT,,,0,✓,---,---,---,Add directly
2,T2,ASS_TAG_2_TXT,,,0,✓,Common,Text,Show Tier 2 - 2,"if(TAG_PARA_STATE_2_BOOL, ASS_TAG_2_TXT, """")"
3,T2,ASS_DESCRIPTION_TXT,,,0,✓,Common,Text,Show Tier 2 - 3,"if(TAG_PARA_STATE_2_BOOL, ASS_DESCRIPTION_TXT, """")"
4,T2,STR_FDN_TYPE_TXT,Type:,,0,,Common,Text,Show Tier 2 - 4,"if(TAG_PARA_STATE_2_BOOL, STR_FDN_TYPE_TXT, """")"
5,T2,STR_FDN_SIZE_MM,,mm,0,✓,Common,Text,Show Tier 2 - 5,"if(TAG_PARA_STATE_2_BOOL, STR_FDN_SIZE_MM, """")"
6,T2,STR_FDN_DEPTH_MM,D:,mm,0,✓,Common,Text,Show Tier 2 - 6,"if(TAG_PARA_STATE_2_BOOL, STR_FDN_DEPTH_MM, """")"
7,T2,STR_FDN_MATERIAL_TXT,Mat:,,0,,Common,Text,Show Tier 2 - 7,"if(TAG_PARA_STATE_2_BOOL, STR_FDN_MATERIAL_TXT, """")"
8,T2,BLE_STRUCT_STEEL_GRADE_TXT,| Gr:,,0,✓,Common,Text,Show Tier 2 - 8,"if(TAG_PARA_STATE_2_BOOL, BLE_STRUCT_STEEL_GRADE_TXT, """")"
9,T2,STR_FDN_BEARING_KN_M2,Bearing:,kN/m²,0,✓,Common,Text,Show Tier 2 - 9,"if(TAG_PARA_STATE_2_BOOL, STR_FDN_BEARING_KN_M2, """")"
10,T2,RGL_STD_TXT,Std:,,0,✓,Common,Text,Show Tier 2 - 10,"if(TAG_PARA_STATE_2_BOOL, RGL_STD_TXT, """")"
11,T3,STR_TAG_7_PARA_FDN_TXT,,,0,✓,Common,Text,Show Tier 3 - 11,"if(TAG_PARA_STATE_3_BOOL, STR_TAG_7_PARA_FDN_TXT, """")"
12,T3,STR_FDN_REBAR_TXT,Rebar:,,0,,Common,Text,Show Tier 3 - 12,"if(TAG_PARA_STATE_3_BOOL, STR_FDN_REBAR_TXT, """")"
13,T3,STR_FDN_COVER_MM,| Cover:,mm,0,✓,Common,Text,Show Tier 3 - 13,"if(TAG_PARA_STATE_3_BOOL, STR_FDN_COVER_MM, """")"
14,T3,STR_FDN_WATERPROOF_TXT,WP:,,0,,Common,Text,Show Tier 3 - 14,"if(TAG_PARA_STATE_3_BOOL, STR_FDN_WATERPROOF_TXT, """")"
15,T3,STR_FDN_EXPOSURE_CLASS_TXT,| Exp:,,0,✓,Common,Text,Show Tier 3 - 15,"if(TAG_PARA_STATE_3_BOOL, STR_FDN_EXPOSURE_CLASS_TXT, """")"
16,T3,CST_S_REI_WEIGHT_KG,,kg,0,✓,Common,Text,Show Tier 3 - 16,"if(TAG_PARA_STATE_3_BOOL, CST_S_REI_WEIGHT_KG, """")"
17,T3,STR_FDN_SETTLEMENT_MM,Settl:,mm,0,✓,Common,Text,Show Tier 3 - 17,"if(TAG_PARA_STATE_3_BOOL, STR_FDN_SETTLEMENT_MM, """")"
18,T3,STR_FDN_PILE_TYPE_TXT,Pile:,,0,✓,Common,Text,Show Tier 3 - 18,"if(TAG_PARA_STATE_3_BOOL, STR_FDN_PILE_TYPE_TXT, """")"
19,T3,PER_SUST_EMBODIED_CARBON_KG,,kgCO₂/m²,0,✓,Common,Text,Show Tier 3 - 19,"if(TAG_PARA_STATE_3_BOOL, PER_SUST_EMBODIED_CARBON_KG, """")"
20,T3,ASS_STATUS_TXT,,,0,✓,Common,Text,Show Tier 3 - 20,"if(TAG_PARA_STATE_3_BOOL, ASS_STATUS_TXT, """")"
21,T3,ASS_CST_TOTAL_UGX_NR,,UGX,1,✓,Common,Text,Show Tier 3 - 21,"if(TAG_PARA_STATE_3_BOOL, ASS_CST_TOTAL_UGX_NR, """")"
22,T3,CST_DELIVERY_LEAD_TIME_DAYS,Lead:,days,0,,Common,Text,Show Tier 3 - 22,"if(TAG_PARA_STATE_3_BOOL, CST_DELIVERY_LEAD_TIME_DAYS, """")"
23,T3,CST_LOCAL_MAT_BOOL,| Local:,,0,✓,Common,Text,Show Tier 3 - 23,"if(TAG_PARA_STATE_3_BOOL, CST_LOCAL_MAT_BOOL, """")"
24,T3,RGL_QA_COMMISSIONING_REQ_TXT,| Comm:,,0,✓,Common,Text,Show Tier 3 - 24,"if(TAG_PARA_STATE_3_BOOL, RGL_QA_COMMISSIONING_REQ_TXT, """")"
⚠ WARNING PARAMETERS — add after all Tier rows (Break = ✓ Calculated Value gates visibility)
#,Sev,Warning Parameter Name,Threshold Condition,Standard,Dis.,Type,Name,Calculated Value Formula
1,CRITICAL,WARN_STR_FDN_BEARING_KN_M2,Bearing pressure exceeds soil capacity,BS EN 1997-1 / EC7,Common,Text,⚠ Warning: Foundation Bearing,"if(TAG_WARN_VISIBLE_BOOL, WARN_STR_FDN_BEARING_KN_M2, """")"
2,HIGH,WARN_STR_FDN_COVER_MM,Cover < minimum for exposure class,BS EN 1992-1-1 Table 4.4N / EC2,Common,Text,⚠ Warning: Concrete Cover,"if(TAG_WARN_VISIBLE_BOOL, WARN_STR_FDN_COVER_MM, """")"
3,HIGH,WARN_STR_FDN_DEPTH_MM_FROST,Depth < 450mm (frost susceptible),BS EN 1997-1 / NHBC Standards Ch4.2,Common,Text,⚠ Warning: Foundation Depth,"if(TAG_WARN_VISIBLE_BOOL, WARN_STR_FDN_DEPTH_MM_FROST, """")"
4,HIGH,WARN_STR_FDN_SETTLEMENT_MM,Settlement > 25mm,BS EN 1997-1 / EC7,Common,Text,⚠ Warning: Foundation Settlement,"if(TAG_WARN_VISIBLE_BOOL, WARN_STR_FDN_SETTLEMENT_MM, """")"

Tag Family #4: STING - Structural Slab Tag
TAG7: STR_TAG_7_PARA_SLAB_TXT  •  Category: Floors (Structural)
#,Tier,Parameter,Prefix,Suffix,Spc,Brk,Discipline,Type,Name,Formula
1,T1,ASS_TAG_1_TXT,,,0,✓,---,---,---,Add directly
2,T2,ASS_TAG_2_TXT,,,0,✓,Common,Text,Show Tier 2 - 2,"if(TAG_PARA_STATE_2_BOOL, ASS_TAG_2_TXT, """")"
3,T2,ASS_DESCRIPTION_TXT,,,0,✓,Common,Text,Show Tier 2 - 3,"if(TAG_PARA_STATE_2_BOOL, ASS_DESCRIPTION_TXT, """")"
4,T2,BLE_STRUCT_SLAB_THICKNESS_MM,,mm,0,✓,Common,Text,Show Tier 2 - 4,"if(TAG_PARA_STATE_2_BOOL, BLE_STRUCT_SLAB_THICKNESS_MM, """")"
5,T2,STR_SLAB_TYPE_TXT,Type:,,0,,Common,Text,Show Tier 2 - 5,"if(TAG_PARA_STATE_2_BOOL, STR_SLAB_TYPE_TXT, """")"
6,T2,BLE_STRUCT_STEEL_GRADE_TXT,Gr:,,0,✓,Common,Text,Show Tier 2 - 6,"if(TAG_PARA_STATE_2_BOOL, BLE_STRUCT_STEEL_GRADE_TXT, """")"
7,T2,STR_SLAB_LOAD_KN_M2,Load:,kN/m²,0,✓,Common,Text,Show Tier 2 - 7,"if(TAG_PARA_STATE_2_BOOL, STR_SLAB_LOAD_KN_M2, """")"
8,T2,PER_FIRE_RATING_HR,,hr,0,✓,Common,Text,Show Tier 2 - 8,"if(TAG_PARA_STATE_2_BOOL, PER_FIRE_RATING_HR, """")"
9,T2,RGL_STD_TXT,Std:,,0,✓,Common,Text,Show Tier 2 - 9,"if(TAG_PARA_STATE_2_BOOL, RGL_STD_TXT, """")"
10,T3,STR_TAG_7_PARA_SLAB_TXT,,,0,✓,Common,Text,Show Tier 3 - 10,"if(TAG_PARA_STATE_3_BOOL, STR_TAG_7_PARA_SLAB_TXT, """")"
11,T3,STR_SLAB_REBAR_TXT,Rebar:,,0,,Common,Text,Show Tier 3 - 11,"if(TAG_PARA_STATE_3_BOOL, STR_SLAB_REBAR_TXT, """")"
12,T3,STR_SLAB_MESH_TXT,| Mesh:,,0,✓,Common,Text,Show Tier 3 - 12,"if(TAG_PARA_STATE_3_BOOL, STR_SLAB_MESH_TXT, """")"
13,T3,STR_SLAB_COVER_MM,Cover:,mm,0,✓,Common,Text,Show Tier 3 - 13,"if(TAG_PARA_STATE_3_BOOL, STR_SLAB_COVER_MM, """")"
14,T3,STR_SLAB_DEFLECTION_LIMIT_TXT,Defl:,,0,✓,Common,Text,Show Tier 3 - 14,"if(TAG_PARA_STATE_3_BOOL, STR_SLAB_DEFLECTION_LIMIT_TXT, """")"
15,T3,BLE_WALL_SOUND_TRANSMISSION_CLASS_RATING_NR,STC:,,0,✓,Common,Text,Show Tier 3 - 15,"if(TAG_PARA_STATE_3_BOOL, BLE_WALL_SOUND_TRANSMISSION_CLASS_RATING_NR, """")"
16,T3,PER_SUST_EMBODIED_CARBON_KG,,kgCO₂/m²,0,✓,Common,Text,Show Tier 3 - 16,"if(TAG_PARA_STATE_3_BOOL, PER_SUST_EMBODIED_CARBON_KG, """")"
17,T3,ASS_STATUS_TXT,,,0,✓,Common,Text,Show Tier 3 - 17,"if(TAG_PARA_STATE_3_BOOL, ASS_STATUS_TXT, """")"
18,T3,ASS_CST_TOTAL_UGX_NR,,UGX,1,✓,Common,Text,Show Tier 3 - 18,"if(TAG_PARA_STATE_3_BOOL, ASS_CST_TOTAL_UGX_NR, """")"
19,T3,CST_DELIVERY_LEAD_TIME_DAYS,Lead:,days,0,,Common,Text,Show Tier 3 - 19,"if(TAG_PARA_STATE_3_BOOL, CST_DELIVERY_LEAD_TIME_DAYS, """")"
20,T3,CST_LOCAL_MAT_BOOL,| Local:,,0,✓,Common,Text,Show Tier 3 - 20,"if(TAG_PARA_STATE_3_BOOL, CST_LOCAL_MAT_BOOL, """")"
⚠ WARNING PARAMETERS — add after all Tier rows (Break = ✓ Calculated Value gates visibility)
#,Sev,Warning Parameter Name,Threshold Condition,Standard,Dis.,Type,Name,Calculated Value Formula
1,CRITICAL,WARN_PER_FIRE_RATING_HR_NR_STR_SLABS,Fire rating < 1.0 hr,Building Regs Part B / BS EN 1992-1-2,Common,Text,⚠ Warning: Slab Fire Rating,"if(TAG_WARN_VISIBLE_BOOL, WARN_PER_FIRE_RATING_HR_NR_STR_SLABS, """")"
2,HIGH,WARN_STR_BEAM_DEFLECTION,Deflection exceeds L/250 (total),BS EN 1992-1-1 / EC2 7.4.1,Common,Text,⚠ Warning: Slab Deflection,"if(TAG_WARN_VISIBLE_BOOL, WARN_STR_BEAM_DEFLECTION, """")"
3,HIGH,WARN_STR_SLAB_COVER_MM,Cover < minimum for exposure class,BS EN 1992-1-1,Common,Text,⚠ Warning: Slab Cover,"if(TAG_WARN_VISIBLE_BOOL, WARN_STR_SLAB_COVER_MM, """")"

Tag Family #5: STING - Structural Wall Tag
TAG7: STR_TAG_7_PARA_WALL_TXT  •  Category: Walls (Structural/Load-bearing)
#,Tier,Parameter,Prefix,Suffix,Spc,Brk,Discipline,Type,Name,Formula
1,T1,ASS_TAG_1_TXT,,,0,✓,---,---,---,Add directly
2,T2,ASS_TAG_2_TXT,,,0,✓,Common,Text,Show Tier 2 - 2,"if(TAG_PARA_STATE_2_BOOL, ASS_TAG_2_TXT, """")"
3,T2,ASS_DESCRIPTION_TXT,,,0,✓,Common,Text,Show Tier 2 - 3,"if(TAG_PARA_STATE_2_BOOL, ASS_DESCRIPTION_TXT, """")"
4,T2,BLE_WALL_THICKNESS_MM,,mm,0,✓,Common,Text,Show Tier 2 - 4,"if(TAG_PARA_STATE_2_BOOL, BLE_WALL_THICKNESS_MM, """")"
5,T2,STR_WALL_TYPE_TXT,Type:,,0,,Common,Text,Show Tier 2 - 5,"if(TAG_PARA_STATE_2_BOOL, STR_WALL_TYPE_TXT, """")"
6,T2,BLE_STRUCT_STEEL_GRADE_TXT,Gr:,,0,✓,Common,Text,Show Tier 2 - 6,"if(TAG_PARA_STATE_2_BOOL, BLE_STRUCT_STEEL_GRADE_TXT, """")"
7,T2,STR_LOAD_AXIAL_KN,Load:,kN/m,0,✓,Common,Text,Show Tier 2 - 7,"if(TAG_PARA_STATE_2_BOOL, STR_LOAD_AXIAL_KN, """")"
8,T2,PER_FIRE_RATING_HR,,hr,0,✓,Common,Text,Show Tier 2 - 8,"if(TAG_PARA_STATE_2_BOOL, PER_FIRE_RATING_HR, """")"
9,T2,RGL_STD_TXT,Std:,,0,✓,Common,Text,Show Tier 2 - 9,"if(TAG_PARA_STATE_2_BOOL, RGL_STD_TXT, """")"
10,T3,STR_TAG_7_PARA_WALL_TXT,,,0,✓,Common,Text,Show Tier 3 - 10,"if(TAG_PARA_STATE_3_BOOL, STR_TAG_7_PARA_WALL_TXT, """")"
11,T3,STR_WALL_REBAR_TXT,Rebar:,,0,,Common,Text,Show Tier 3 - 11,"if(TAG_PARA_STATE_3_BOOL, STR_WALL_REBAR_TXT, """")"
12,T3,STR_WALL_COVER_MM,| Cover:,mm,0,✓,Common,Text,Show Tier 3 - 12,"if(TAG_PARA_STATE_3_BOOL, STR_WALL_COVER_MM, """")"
13,T3,PER_SUST_EMBODIED_CARBON_KG,,kgCO₂/m²,0,✓,Common,Text,Show Tier 3 - 13,"if(TAG_PARA_STATE_3_BOOL, PER_SUST_EMBODIED_CARBON_KG, """")"
14,T3,ASS_STATUS_TXT,,,0,✓,Common,Text,Show Tier 3 - 14,"if(TAG_PARA_STATE_3_BOOL, ASS_STATUS_TXT, """")"
15,T3,ASS_CST_TOTAL_UGX_NR,,UGX,1,✓,Common,Text,Show Tier 3 - 15,"if(TAG_PARA_STATE_3_BOOL, ASS_CST_TOTAL_UGX_NR, """")"
16,T3,CST_DELIVERY_LEAD_TIME_DAYS,Lead:,days,0,,Common,Text,Show Tier 3 - 16,"if(TAG_PARA_STATE_3_BOOL, CST_DELIVERY_LEAD_TIME_DAYS, """")"
17,T3,CST_LOCAL_MAT_BOOL,| Local:,,0,✓,Common,Text,Show Tier 3 - 17,"if(TAG_PARA_STATE_3_BOOL, CST_LOCAL_MAT_BOOL, """")"
⚠ WARNING PARAMETERS — add after all Tier rows (Break = ✓ Calculated Value gates visibility)
#,Sev,Warning Parameter Name,Threshold Condition,Standard,Dis.,Type,Name,Calculated Value Formula
1,CRITICAL,WARN_PER_FIRE_RATING_HR_NR_STR_WALLS,Fire rating < 2.0 hr (loadbearing),Building Regs Part B / BS EN 1996-1-2,Common,Text,⚠ Warning: Struct Wall Fire Rating,"if(TAG_WARN_VISIBLE_BOOL, WARN_PER_FIRE_RATING_HR_NR_STR_WALLS, """")"
2,HIGH,WARN_STR_WALL_SLENDERNESS,Slenderness ratio exceeds limit,BS EN 1996-1-1 / EC6,Common,Text,⚠ Warning: Wall Slenderness,"if(TAG_WARN_VISIBLE_BOOL, WARN_STR_WALL_SLENDERNESS, """")"

Tag Family #6: STING - Brace / Truss Tag
TAG7: STR_TAG_7_PARA_BRACE_TXT  •  Category: Structural Framing (Bracing)
#,Tier,Parameter,Prefix,Suffix,Spc,Brk,Discipline,Type,Name,Formula
1,T1,ASS_TAG_1_TXT,,,0,✓,---,---,---,Add directly
2,T2,ASS_TAG_2_TXT,,,0,✓,Common,Text,Show Tier 2 - 2,"if(TAG_PARA_STATE_2_BOOL, ASS_TAG_2_TXT, """")"
3,T2,ASS_DESCRIPTION_TXT,,,0,✓,Common,Text,Show Tier 2 - 3,"if(TAG_PARA_STATE_2_BOOL, ASS_DESCRIPTION_TXT, """")"
4,T2,STR_BRACE_SECTION_TXT,Sec:,,0,,Common,Text,Show Tier 2 - 4,"if(TAG_PARA_STATE_2_BOOL, STR_BRACE_SECTION_TXT, """")"
5,T2,STR_BRACE_MATERIAL_TXT,Mat:,,0,✓,Common,Text,Show Tier 2 - 5,"if(TAG_PARA_STATE_2_BOOL, STR_BRACE_MATERIAL_TXT, """")"
6,T2,BLE_STRUCT_STEEL_GRADE_TXT,| Gr:,,0,✓,Common,Text,Show Tier 2 - 6,"if(TAG_PARA_STATE_2_BOOL, BLE_STRUCT_STEEL_GRADE_TXT, """")"
7,T2,STR_BRACE_LENGTH_MM,L:,mm,0,✓,Common,Text,Show Tier 2 - 7,"if(TAG_PARA_STATE_2_BOOL, STR_BRACE_LENGTH_MM, """")"
8,T2,RGL_STD_TXT,Std:,,0,✓,Common,Text,Show Tier 2 - 8,"if(TAG_PARA_STATE_2_BOOL, RGL_STD_TXT, """")"
9,T3,STR_TAG_7_PARA_BRACE_TXT,,,0,✓,Common,Text,Show Tier 3 - 9,"if(TAG_PARA_STATE_3_BOOL, STR_TAG_7_PARA_BRACE_TXT, """")"
10,T3,STR_BRACE_CONNECTION_TXT,Conn:,,0,✓,Common,Text,Show Tier 3 - 10,"if(TAG_PARA_STATE_3_BOOL, STR_BRACE_CONNECTION_TXT, """")"
11,T3,CST_S_REI_WEIGHT_KG,,kg,0,✓,Common,Text,Show Tier 3 - 11,"if(TAG_PARA_STATE_3_BOOL, CST_S_REI_WEIGHT_KG, """")"
12,T3,ASS_STATUS_TXT,,,0,✓,Common,Text,Show Tier 3 - 12,"if(TAG_PARA_STATE_3_BOOL, ASS_STATUS_TXT, """")"
13,T3,ASS_CST_TOTAL_UGX_NR,,UGX,1,✓,Common,Text,Show Tier 3 - 13,"if(TAG_PARA_STATE_3_BOOL, ASS_CST_TOTAL_UGX_NR, """")"
14,T3,CST_DELIVERY_LEAD_TIME_DAYS,Lead:,days,0,,Common,Text,Show Tier 3 - 14,"if(TAG_PARA_STATE_3_BOOL, CST_DELIVERY_LEAD_TIME_DAYS, """")"
15,T3,CST_LOCAL_MAT_BOOL,| Local:,,0,✓,Common,Text,Show Tier 3 - 15,"if(TAG_PARA_STATE_3_BOOL, CST_LOCAL_MAT_BOOL, """")"
⚠ WARNING PARAMETERS — add after all Tier rows (Break = ✓ Calculated Value gates visibility)
#,Sev,Warning Parameter Name,Threshold Condition,Standard,Dis.,Type,Name,Calculated Value Formula
1,HIGH,WARN_STR_BRACE_SLENDERNESS,Slenderness ratio exceeds 200,BS EN 1993-1-1 / EC3 6.3.1.2,Common,Text,⚠ Warning: Brace Slenderness,"if(TAG_WARN_VISIBLE_BOOL, WARN_STR_BRACE_SLENDERNESS, """")"
2,CRITICAL,WARN_PER_FIRE_RATING_HR_NR_STR_BRACES,Fire rating < 1.0 hr,Building Regs Part B,Common,Text,⚠ Warning: Brace Fire Rating,"if(TAG_WARN_VISIBLE_BOOL, WARN_PER_FIRE_RATING_HR_NR_STR_BRACES, """")"

Tag Family #7: STING - Structural Rebar Tag
TAG7: STR_TAG_7_PARA_REBAR_TXT  •  Category: Structural Rebar
#,Tier,Parameter,Prefix,Suffix,Spc,Brk,Discipline,Type,Name,Formula
1,T1,ASS_TAG_1_TXT,,,0,✓,---,---,---,Add directly
2,T2,ASS_TAG_2_TXT,,,0,✓,Common,Text,Show Tier 2 - 2,"if(TAG_PARA_STATE_2_BOOL, ASS_TAG_2_TXT, """")"
3,T2,ASS_DESCRIPTION_TXT,,,0,✓,Common,Text,Show Tier 2 - 3,"if(TAG_PARA_STATE_2_BOOL, ASS_DESCRIPTION_TXT, """")"
4,T2,STR_REBAR_SIZE_MM,Size:,mm,0,✓,Common,Text,Show Tier 2 - 4,"if(TAG_PARA_STATE_2_BOOL, STR_REBAR_SIZE_MM, """")"
5,T2,CST_S_REI_GRADE_TXT,Gr:,,0,,Common,Text,Show Tier 2 - 5,"if(TAG_PARA_STATE_2_BOOL, CST_S_REI_GRADE_TXT, """")"
6,T2,CST_S_REI_SPACING_MM,Spc:,mm,0,✓,Common,Text,Show Tier 2 - 6,"if(TAG_PARA_STATE_2_BOOL, CST_S_REI_SPACING_MM, """")"
7,T2,CST_S_REI_COVER_MM,Cover:,mm,0,✓,Common,Text,Show Tier 2 - 7,"if(TAG_PARA_STATE_2_BOOL, CST_S_REI_COVER_MM, """")"
8,T2,RGL_STD_TXT,Std:,,0,✓,Common,Text,Show Tier 2 - 8,"if(TAG_PARA_STATE_2_BOOL, RGL_STD_TXT, """")"
9,T3,STR_TAG_7_PARA_REBAR_TXT,,,0,✓,Common,Text,Show Tier 3 - 9,"if(TAG_PARA_STATE_3_BOOL, STR_TAG_7_PARA_REBAR_TXT, """")"
10,T3,STR_REBAR_SHAPE_TXT,Shape:,,0,,Common,Text,Show Tier 3 - 10,"if(TAG_PARA_STATE_3_BOOL, STR_REBAR_SHAPE_TXT, """")"
11,T3,CST_S_REI_OVERLAP_LENGTH_MM,| Lap:,mm,0,✓,Common,Text,Show Tier 3 - 11,"if(TAG_PARA_STATE_3_BOOL, CST_S_REI_OVERLAP_LENGTH_MM, """")"
12,T3,STR_REBAR_HOOK_TYPE_TXT,Hook:,,0,,Common,Text,Show Tier 3 - 12,"if(TAG_PARA_STATE_3_BOOL, STR_REBAR_HOOK_TYPE_TXT, """")"
13,T3,CST_S_REI_WEIGHT_KG,,kg,0,✓,Common,Text,Show Tier 3 - 13,"if(TAG_PARA_STATE_3_BOOL, CST_S_REI_WEIGHT_KG, """")"
14,T3,ASS_STATUS_TXT,,,0,✓,Common,Text,Show Tier 3 - 14,"if(TAG_PARA_STATE_3_BOOL, ASS_STATUS_TXT, """")"
15,T3,ASS_CST_TOTAL_UGX_NR,,UGX,1,✓,Common,Text,Show Tier 3 - 15,"if(TAG_PARA_STATE_3_BOOL, ASS_CST_TOTAL_UGX_NR, """")"
16,T3,CST_DELIVERY_LEAD_TIME_DAYS,Lead:,days,0,,Common,Text,Show Tier 3 - 16,"if(TAG_PARA_STATE_3_BOOL, CST_DELIVERY_LEAD_TIME_DAYS, """")"
17,T3,CST_LOCAL_MAT_BOOL,| Local:,,0,✓,Common,Text,Show Tier 3 - 17,"if(TAG_PARA_STATE_3_BOOL, CST_LOCAL_MAT_BOOL, """")"
⚠ WARNING PARAMETERS — add after all Tier rows (Break = ✓ Calculated Value gates visibility)
#,Sev,Warning Parameter Name,Threshold Condition,Standard,Dis.,Type,Name,Calculated Value Formula
1,CRITICAL,WARN_STR_RBR_COVER_MM,Cover < minimum for exposure class,BS EN 1992-1-1 Table 4.4N,Common,Text,⚠ Warning: Rebar Cover,"if(TAG_WARN_VISIBLE_BOOL, WARN_STR_RBR_COVER_MM, """")"
2,HIGH,WARN_STR_RBR_LAP_LENGTH_MM,Lap length < required,BS EN 1992-1-1 / EC2 8.7,Common,Text,⚠ Warning: Rebar Lap Length,"if(TAG_WARN_VISIBLE_BOOL, WARN_STR_RBR_LAP_LENGTH_MM, """")"

Tag Family #8: STING - Structural Connection Tag
TAG7: STR_TAG_7_PARA_CONN_TXT  •  Category: Structural Connections
#,Tier,Parameter,Prefix,Suffix,Spc,Brk,Discipline,Type,Name,Formula
1,T1,ASS_TAG_1_TXT,,,0,✓,---,---,---,Add directly
2,T2,ASS_TAG_2_TXT,,,0,✓,Common,Text,Show Tier 2 - 2,"if(TAG_PARA_STATE_2_BOOL, ASS_TAG_2_TXT, """")"
3,T2,ASS_DESCRIPTION_TXT,,,0,✓,Common,Text,Show Tier 2 - 3,"if(TAG_PARA_STATE_2_BOOL, ASS_DESCRIPTION_TXT, """")"
4,T2,STR_CONN_TYPE_TXT,Type:,,0,,Common,Text,Show Tier 2 - 4,"if(TAG_PARA_STATE_2_BOOL, STR_CONN_TYPE_TXT, """")"
5,T2,STR_CONN_CAPACITY_KN,Cap:,kN,0,✓,Common,Text,Show Tier 2 - 5,"if(TAG_PARA_STATE_2_BOOL, STR_CONN_CAPACITY_KN, """")"
6,T2,STR_CONN_BOLT_SIZE_TXT,Bolt:,,0,,Common,Text,Show Tier 2 - 6,"if(TAG_PARA_STATE_2_BOOL, STR_CONN_BOLT_SIZE_TXT, """")"
7,T2,RGL_STD_TXT,Std:,,0,✓,Common,Text,Show Tier 2 - 7,"if(TAG_PARA_STATE_2_BOOL, RGL_STD_TXT, """")"
8,T3,STR_TAG_7_PARA_CONN_TXT,,,0,✓,Common,Text,Show Tier 3 - 8,"if(TAG_PARA_STATE_3_BOOL, STR_TAG_7_PARA_CONN_TXT, """")"
9,T3,STR_CONN_WELD_TYPE_TXT,Weld:,,0,,Common,Text,Show Tier 3 - 9,"if(TAG_PARA_STATE_3_BOOL, STR_CONN_WELD_TYPE_TXT, """")"
10,T3,STR_CONN_PLATE_THICKNESS_MM,| Plt:,mm,0,✓,Common,Text,Show Tier 3 - 10,"if(TAG_PARA_STATE_3_BOOL, STR_CONN_PLATE_THICKNESS_MM, """")"
11,T3,STR_CONN_ROTATION_CAPACITY_TXT,Rot:,,0,,Common,Text,Show Tier 3 - 11,"if(TAG_PARA_STATE_3_BOOL, STR_CONN_ROTATION_CAPACITY_TXT, """")"
12,T3,STR_FIRE_PROTECTION_TYPE_TXT,FP:,,0,✓,Common,Text,Show Tier 3 - 12,"if(TAG_PARA_STATE_3_BOOL, STR_FIRE_PROTECTION_TYPE_TXT, """")"
13,T3,CST_S_REI_WEIGHT_KG,,kg,0,✓,Common,Text,Show Tier 3 - 13,"if(TAG_PARA_STATE_3_BOOL, CST_S_REI_WEIGHT_KG, """")"
14,T3,ASS_STATUS_TXT,,,0,✓,Common,Text,Show Tier 3 - 14,"if(TAG_PARA_STATE_3_BOOL, ASS_STATUS_TXT, """")"
15,T3,ASS_CST_TOTAL_UGX_NR,,UGX,1,✓,Common,Text,Show Tier 3 - 15,"if(TAG_PARA_STATE_3_BOOL, ASS_CST_TOTAL_UGX_NR, """")"
16,T3,CST_DELIVERY_LEAD_TIME_DAYS,Lead:,days,0,,Common,Text,Show Tier 3 - 16,"if(TAG_PARA_STATE_3_BOOL, CST_DELIVERY_LEAD_TIME_DAYS, """")"
17,T3,CST_LOCAL_MAT_BOOL,| Local:,,0,✓,Common,Text,Show Tier 3 - 17,"if(TAG_PARA_STATE_3_BOOL, CST_LOCAL_MAT_BOOL, """")"
⚠ WARNING PARAMETERS — add after all Tier rows (Break = ✓ Calculated Value gates visibility)
#,Sev,Warning Parameter Name,Threshold Condition,Standard,Dis.,Type,Name,Calculated Value Formula
1,CRITICAL,WARN_STR_CONN_CAPACITY_KN,Capacity < applied load,BS EN 1993-1-8 / EC3,Common,Text,⚠ Warning: Connection Capacity,"if(TAG_WARN_VISIBLE_BOOL, WARN_STR_CONN_CAPACITY_KN, """")"
2,HIGH,WARN_STR_CONN_WELD_SIZE,Weld size < minimum,BS EN 1993-1-8 / EC3 4.5,Common,Text,⚠ Warning: Weld Size,"if(TAG_WARN_VISIBLE_BOOL, WARN_STR_CONN_WELD_SIZE, """")"

Tag Family #9: STING - Columns Tag
TAG7: STR_TAG_7_PARA_COL_TXT  •  Category: Columns (Architectural)
#,Tier,Parameter,Prefix,Suffix,Spc,Brk,Discipline,Type,Name,Formula
1,T1,ASS_TAG_1_TXT,,,0,✓,---,---,---,Add directly
2,T2,ASS_TAG_2_TXT,,,0,✓,Common,Text,Show Tier 2 - 2,"if(TAG_PARA_STATE_2_BOOL, ASS_TAG_2_TXT, """")"
3,T2,ASS_DESCRIPTION_TXT,,,0,✓,Common,Text,Show Tier 2 - 3,"if(TAG_PARA_STATE_2_BOOL, ASS_DESCRIPTION_TXT, """")"
4,T2,STR_COL_SECTION_TXT,Sec:,,0,,Common,Text,Show Tier 2 - 4,"if(TAG_PARA_STATE_2_BOOL, STR_COL_SECTION_TXT, """")"
5,T2,STR_COL_MATERIAL_TXT,Mat:,,0,,Common,Text,Show Tier 2 - 5,"if(TAG_PARA_STATE_2_BOOL, STR_COL_MATERIAL_TXT, """")"
6,T2,PER_FIRE_RATING_HR,,hr,0,✓,Common,Text,Show Tier 2 - 6,"if(TAG_PARA_STATE_2_BOOL, PER_FIRE_RATING_HR, """")"
7,T2,RGL_STD_TXT,Std:,,0,✓,Common,Text,Show Tier 2 - 7,"if(TAG_PARA_STATE_2_BOOL, RGL_STD_TXT, """")"
8,T3,STR_TAG_7_PARA_COL_TXT,,,0,✓,Common,Text,Show Tier 3 - 8,"if(TAG_PARA_STATE_3_BOOL, STR_TAG_7_PARA_COL_TXT, """")"
9,T3,STR_FIRE_PROTECTION_TYPE_TXT,FP:,,0,,Common,Text,Show Tier 3 - 9,"if(TAG_PARA_STATE_3_BOOL, STR_FIRE_PROTECTION_TYPE_TXT, """")"
10,T3,ASS_STATUS_TXT,,,0,✓,Common,Text,Show Tier 3 - 10,"if(TAG_PARA_STATE_3_BOOL, ASS_STATUS_TXT, """")"
11,T3,ASS_CST_TOTAL_UGX_NR,,UGX,1,✓,Common,Text,Show Tier 3 - 11,"if(TAG_PARA_STATE_3_BOOL, ASS_CST_TOTAL_UGX_NR, """")"
12,T3,CST_DELIVERY_LEAD_TIME_DAYS,Lead:,days,0,,Common,Text,Show Tier 3 - 12,"if(TAG_PARA_STATE_3_BOOL, CST_DELIVERY_LEAD_TIME_DAYS, """")"
13,T3,CST_LOCAL_MAT_BOOL,| Local:,,0,✓,Common,Text,Show Tier 3 - 13,"if(TAG_PARA_STATE_3_BOOL, CST_LOCAL_MAT_BOOL, """")"
⚠ WARNING PARAMETERS — add after all Tier rows (Break = ✓ Calculated Value gates visibility)
#,Sev,Warning Parameter Name,Threshold Condition,Standard,Dis.,Type,Name,Calculated Value Formula
1,CRITICAL,WARN_PER_FIRE_RATING_HR_ARCH_COLUMNS,Fire rating < 1.0 hr,Building Regs Part B,Common,Text,⚠ Warning: Column Fire Rating,"if(TAG_WARN_VISIBLE_BOOL, WARN_PER_FIRE_RATING_HR_ARCH_COLUMNS, """")"

Tag Family #10: STING - Structural Trusses Tag
TAG7: STR_TAG_7_PARA_BEAM_TXT  •  Category: Structural Trusses
#,Tier,Parameter,Prefix,Suffix,Spc,Brk,Discipline,Type,Name,Formula
1,T1,ASS_TAG_1_TXT,,,0,✓,---,---,---,Add directly
2,T2,ASS_TAG_2_TXT,,,0,✓,Common,Text,Show Tier 2 - 2,"if(TAG_PARA_STATE_2_BOOL, ASS_TAG_2_TXT, """")"
3,T2,ASS_DESCRIPTION_TXT,,,0,✓,Common,Text,Show Tier 2 - 3,"if(TAG_PARA_STATE_2_BOOL, ASS_DESCRIPTION_TXT, """")"
4,T2,STR_BEAM_SECTION_TXT,Sec:,,0,,Common,Text,Show Tier 2 - 4,"if(TAG_PARA_STATE_2_BOOL, STR_BEAM_SECTION_TXT, """")"
5,T2,STR_BEAM_SPAN_MM,Span:,mm,0,✓,Common,Text,Show Tier 2 - 5,"if(TAG_PARA_STATE_2_BOOL, STR_BEAM_SPAN_MM, """")"
6,T2,STR_BEAM_MATERIAL_TXT,Mat:,,0,,Common,Text,Show Tier 2 - 6,"if(TAG_PARA_STATE_2_BOOL, STR_BEAM_MATERIAL_TXT, """")"
7,T2,BLE_STRUCT_STEEL_GRADE_TXT,| Gr:,,0,✓,Common,Text,Show Tier 2 - 7,"if(TAG_PARA_STATE_2_BOOL, BLE_STRUCT_STEEL_GRADE_TXT, """")"
8,T2,PER_FIRE_RATING_HR,,hr,0,✓,Common,Text,Show Tier 2 - 8,"if(TAG_PARA_STATE_2_BOOL, PER_FIRE_RATING_HR, """")"
9,T2,RGL_STD_TXT,Std:,,0,✓,Common,Text,Show Tier 2 - 9,"if(TAG_PARA_STATE_2_BOOL, RGL_STD_TXT, """")"
10,T3,STR_TAG_7_PARA_BEAM_TXT,,,0,✓,Common,Text,Show Tier 3 - 10,"if(TAG_PARA_STATE_3_BOOL, STR_TAG_7_PARA_BEAM_TXT, """")"
11,T3,STR_BEAM_DEFLECTION_LIM_TXT,Defl:,,0,,Common,Text,Show Tier 3 - 11,"if(TAG_PARA_STATE_3_BOOL, STR_BEAM_DEFLECTION_LIM_TXT, """")"
12,T3,STR_FIRE_PROTECTION_TYPE_TXT,| FP:,,0,✓,Common,Text,Show Tier 3 - 12,"if(TAG_PARA_STATE_3_BOOL, STR_FIRE_PROTECTION_TYPE_TXT, """")"
13,T3,CST_S_REI_WEIGHT_KG,,kg,0,✓,Common,Text,Show Tier 3 - 13,"if(TAG_PARA_STATE_3_BOOL, CST_S_REI_WEIGHT_KG, """")"
14,T3,PER_SUST_EMBODIED_CARBON_KG,,kgCO₂/m²,0,✓,Common,Text,Show Tier 3 - 14,"if(TAG_PARA_STATE_3_BOOL, PER_SUST_EMBODIED_CARBON_KG, """")"
15,T3,ASS_STATUS_TXT,,,0,✓,Common,Text,Show Tier 3 - 15,"if(TAG_PARA_STATE_3_BOOL, ASS_STATUS_TXT, """")"
16,T3,ASS_CST_TOTAL_UGX_NR,,UGX,1,✓,Common,Text,Show Tier 3 - 16,"if(TAG_PARA_STATE_3_BOOL, ASS_CST_TOTAL_UGX_NR, """")"
17,T3,CST_DELIVERY_LEAD_TIME_DAYS,Lead:,days,0,,Common,Text,Show Tier 3 - 17,"if(TAG_PARA_STATE_3_BOOL, CST_DELIVERY_LEAD_TIME_DAYS, """")"
18,T3,CST_LOCAL_MAT_BOOL,| Local:,,0,✓,Common,Text,Show Tier 3 - 18,"if(TAG_PARA_STATE_3_BOOL, CST_LOCAL_MAT_BOOL, """")"
⚠ WARNING PARAMETERS — add after all Tier rows (Break = ✓ Calculated Value gates visibility)
#,Sev,Warning Parameter Name,Threshold Condition,Standard,Dis.,Type,Name,Calculated Value Formula
1,CRITICAL,WARN_PER_FIRE_RATING_HR_STR_TRUSSES,Fire rating < 1.0 hr,Building Regs Part B,Common,Text,⚠ Warning: Truss Fire Rating,"if(TAG_WARN_VISIBLE_BOOL, WARN_PER_FIRE_RATING_HR_STR_TRUSSES, """")"
2,HIGH,WARN_STR_BEAM_DEFLECTION_TRUSSES,Deflection exceeds L/360,BS EN 1993-1-1 / EC3,Common,Text,⚠ Warning: Truss Deflection,"if(TAG_WARN_VISIBLE_BOOL, WARN_STR_BEAM_DEFLECTION_TRUSSES, """")"

Tag Family #11: STING - Structural Stiffeners Tag
TAG7: STR_TAG_7_PARA_BEAM_TXT  •  Category: Structural Stiffeners
#,Tier,Parameter,Prefix,Suffix,Spc,Brk,Discipline,Type,Name,Formula
1,T1,ASS_TAG_1_TXT,,,0,✓,---,---,---,Add directly
2,T2,ASS_TAG_2_TXT,,,0,✓,Common,Text,Show Tier 2 - 2,"if(TAG_PARA_STATE_2_BOOL, ASS_TAG_2_TXT, """")"
3,T2,ASS_DESCRIPTION_TXT,,,0,✓,Common,Text,Show Tier 2 - 3,"if(TAG_PARA_STATE_2_BOOL, ASS_DESCRIPTION_TXT, """")"
4,T2,STR_BEAM_SECTION_TXT,Sec:,,0,,Common,Text,Show Tier 2 - 4,"if(TAG_PARA_STATE_2_BOOL, STR_BEAM_SECTION_TXT, """")"
5,T2,STR_BEAM_MATERIAL_TXT,Mat:,,0,,Common,Text,Show Tier 2 - 5,"if(TAG_PARA_STATE_2_BOOL, STR_BEAM_MATERIAL_TXT, """")"
6,T2,BLE_STRUCT_STEEL_GRADE_TXT,| Gr:,,0,✓,Common,Text,Show Tier 2 - 6,"if(TAG_PARA_STATE_2_BOOL, BLE_STRUCT_STEEL_GRADE_TXT, """")"
7,T2,RGL_STD_TXT,Std:,,0,✓,Common,Text,Show Tier 2 - 7,"if(TAG_PARA_STATE_2_BOOL, RGL_STD_TXT, """")"
8,T3,STR_TAG_7_PARA_BEAM_TXT,,,0,✓,Common,Text,Show Tier 3 - 8,"if(TAG_PARA_STATE_3_BOOL, STR_TAG_7_PARA_BEAM_TXT, """")"
9,T3,CST_S_REI_WEIGHT_KG,,kg,0,✓,Common,Text,Show Tier 3 - 9,"if(TAG_PARA_STATE_3_BOOL, CST_S_REI_WEIGHT_KG, """")"
10,T3,ASS_STATUS_TXT,,,0,✓,Common,Text,Show Tier 3 - 10,"if(TAG_PARA_STATE_3_BOOL, ASS_STATUS_TXT, """")"
⚠ WARNING PARAMETERS — add after all Tier rows (Break = ✓ Calculated Value gates visibility)
#,Sev,Warning Parameter Name,Threshold Condition,Standard,Dis.,Type,Name,Calculated Value Formula
1,HIGH,WARN_STR_GRADE_STIFFENERS,Stiffener grade not compatible with parent section,BS EN 1993-1-1 / EC3,Common,Text,⚠ Warning: Stiffener Grade,"if(TAG_WARN_VISIBLE_BOOL, WARN_STR_GRADE_STIFFENERS, """")"

Tag Family #12: STING - Structural Beam Systems Tag
TAG7: STR_TAG_7_PARA_BEAM_TXT  •  Category: Structural Beam Systems
#,Tier,Parameter,Prefix,Suffix,Spc,Brk,Discipline,Type,Name,Formula
1,T1,ASS_TAG_1_TXT,,,0,✓,---,---,---,Add directly
2,T2,ASS_TAG_2_TXT,,,0,✓,Common,Text,Show Tier 2 - 2,"if(TAG_PARA_STATE_2_BOOL, ASS_TAG_2_TXT, """")"
3,T2,ASS_DESCRIPTION_TXT,,,0,✓,Common,Text,Show Tier 2 - 3,"if(TAG_PARA_STATE_2_BOOL, ASS_DESCRIPTION_TXT, """")"
4,T2,STR_BEAM_SECTION_TXT,Sec:,,0,,Common,Text,Show Tier 2 - 4,"if(TAG_PARA_STATE_2_BOOL, STR_BEAM_SECTION_TXT, """")"
5,T2,STR_BEAM_SPAN_MM,Span:,mm,0,✓,Common,Text,Show Tier 2 - 5,"if(TAG_PARA_STATE_2_BOOL, STR_BEAM_SPAN_MM, """")"
6,T2,STR_LOAD_UDL_KN_M,UDL:,kN/m,0,✓,Common,Text,Show Tier 2 - 6,"if(TAG_PARA_STATE_2_BOOL, STR_LOAD_UDL_KN_M, """")"
7,T2,RGL_STD_TXT,Std:,,0,✓,Common,Text,Show Tier 2 - 7,"if(TAG_PARA_STATE_2_BOOL, RGL_STD_TXT, """")"
8,T3,STR_TAG_7_PARA_BEAM_TXT,,,0,✓,Common,Text,Show Tier 3 - 8,"if(TAG_PARA_STATE_3_BOOL, STR_TAG_7_PARA_BEAM_TXT, """")"
9,T3,STR_BEAM_DEFLECTION_LIM_TXT,Defl:,,0,,Common,Text,Show Tier 3 - 9,"if(TAG_PARA_STATE_3_BOOL, STR_BEAM_DEFLECTION_LIM_TXT, """")"
10,T3,ASS_STATUS_TXT,,,0,✓,Common,Text,Show Tier 3 - 10,"if(TAG_PARA_STATE_3_BOOL, ASS_STATUS_TXT, """")"
11,T3,ASS_CST_TOTAL_UGX_NR,,UGX,1,✓,Common,Text,Show Tier 3 - 11,"if(TAG_PARA_STATE_3_BOOL, ASS_CST_TOTAL_UGX_NR, """")"
12,T3,CST_DELIVERY_LEAD_TIME_DAYS,Lead:,days,0,,Common,Text,Show Tier 3 - 12,"if(TAG_PARA_STATE_3_BOOL, CST_DELIVERY_LEAD_TIME_DAYS, """")"
13,T3,CST_LOCAL_MAT_BOOL,| Local:,,0,✓,Common,Text,Show Tier 3 - 13,"if(TAG_PARA_STATE_3_BOOL, CST_LOCAL_MAT_BOOL, """")"
⚠ WARNING PARAMETERS — add after all Tier rows (Break = ✓ Calculated Value gates visibility)
#,Sev,Warning Parameter Name,Threshold Condition,Standard,Dis.,Type,Name,Calculated Value Formula
1,HIGH,WARN_STR_LOAD_UDL_KN_M_BEAM_SYS,UDL exceeds beam system capacity,BS EN 1993-1-1 / EC3,Common,Text,⚠ Warning: Beam System UDL,"if(TAG_WARN_VISIBLE_BOOL, WARN_STR_LOAD_UDL_KN_M_BEAM_SYS, """")"

Tag Family #13: STING - Structural Rebar Couplers Tag
TAG7: STR_TAG_7_PARA_REBAR_TXT  •  Category: Structural Rebar Couplers
#,Tier,Parameter,Prefix,Suffix,Spc,Brk,Discipline,Type,Name,Formula
1,T1,ASS_TAG_1_TXT,,,0,✓,---,---,---,Add directly
2,T2,ASS_TAG_2_TXT,,,0,✓,Common,Text,Show Tier 2 - 2,"if(TAG_PARA_STATE_2_BOOL, ASS_TAG_2_TXT, """")"
3,T2,ASS_DESCRIPTION_TXT,,,0,✓,Common,Text,Show Tier 2 - 3,"if(TAG_PARA_STATE_2_BOOL, ASS_DESCRIPTION_TXT, """")"
4,T2,STR_REBAR_SIZE_MM,Size:,mm,0,✓,Common,Text,Show Tier 2 - 4,"if(TAG_PARA_STATE_2_BOOL, STR_REBAR_SIZE_MM, """")"
5,T2,CST_S_REI_GRADE_TXT,Gr:,,0,,Common,Text,Show Tier 2 - 5,"if(TAG_PARA_STATE_2_BOOL, CST_S_REI_GRADE_TXT, """")"
6,T2,ASS_MANUFACTURER_TXT,Mfr:,,0,,Common,Text,Show Tier 2 - 6,"if(TAG_PARA_STATE_2_BOOL, ASS_MANUFACTURER_TXT, """")"
7,T2,RGL_STD_TXT,Std:,,0,✓,Common,Text,Show Tier 2 - 7,"if(TAG_PARA_STATE_2_BOOL, RGL_STD_TXT, """")"
8,T3,STR_TAG_7_PARA_REBAR_TXT,,,0,✓,Common,Text,Show Tier 3 - 8,"if(TAG_PARA_STATE_3_BOOL, STR_TAG_7_PARA_REBAR_TXT, """")"
9,T3,ASS_STATUS_TXT,,,0,✓,Common,Text,Show Tier 3 - 9,"if(TAG_PARA_STATE_3_BOOL, ASS_STATUS_TXT, """")"
⚠ WARNING PARAMETERS — add after all Tier rows (Break = ✓ Calculated Value gates visibility)
#,Sev,Warning Parameter Name,Threshold Condition,Standard,Dis.,Type,Name,Calculated Value Formula
1,CRITICAL,WARN_STR_REBAR_GRADE_COUPLERS,Coupler grade incompatible with rebar grade,BS 8539 / BS EN 1992-1-1,Common,Text,⚠ Warning: Coupler Grade,"if(TAG_WARN_VISIBLE_BOOL, WARN_STR_REBAR_GRADE_COUPLERS, """")"

Tag Family #14: STING - Structural Fabric Reinforcement Tag
TAG7: STR_TAG_7_PARA_REBAR_TXT  •  Category: Structural Fabric Reinforcement
#,Tier,Parameter,Prefix,Suffix,Spc,Brk,Discipline,Type,Name,Formula
1,T1,ASS_TAG_1_TXT,,,0,✓,---,---,---,Add directly
2,T2,ASS_TAG_2_TXT,,,0,✓,Common,Text,Show Tier 2 - 2,"if(TAG_PARA_STATE_2_BOOL, ASS_TAG_2_TXT, """")"
3,T2,ASS_DESCRIPTION_TXT,,,0,✓,Common,Text,Show Tier 2 - 3,"if(TAG_PARA_STATE_2_BOOL, ASS_DESCRIPTION_TXT, """")"
4,T2,STR_REBAR_SIZE_MM,Wire:,mm,0,✓,Common,Text,Show Tier 2 - 4,"if(TAG_PARA_STATE_2_BOOL, STR_REBAR_SIZE_MM, """")"
5,T2,CST_S_REI_SPACING_MM,| Spc:,mm,0,✓,Common,Text,Show Tier 2 - 5,"if(TAG_PARA_STATE_2_BOOL, CST_S_REI_SPACING_MM, """")"
6,T2,CST_S_REI_COVER_MM,Cover:,mm,0,✓,Common,Text,Show Tier 2 - 6,"if(TAG_PARA_STATE_2_BOOL, CST_S_REI_COVER_MM, """")"
7,T2,RGL_STD_TXT,Std:,,0,✓,Common,Text,Show Tier 2 - 7,"if(TAG_PARA_STATE_2_BOOL, RGL_STD_TXT, """")"
8,T3,STR_TAG_7_PARA_REBAR_TXT,,,0,✓,Common,Text,Show Tier 3 - 8,"if(TAG_PARA_STATE_3_BOOL, STR_TAG_7_PARA_REBAR_TXT, """")"
9,T3,CST_S_REI_WEIGHT_KG,,kg/m²,0,✓,Common,Text,Show Tier 3 - 9,"if(TAG_PARA_STATE_3_BOOL, CST_S_REI_WEIGHT_KG, """")"
10,T3,ASS_STATUS_TXT,,,0,✓,Common,Text,Show Tier 3 - 10,"if(TAG_PARA_STATE_3_BOOL, ASS_STATUS_TXT, """")"
⚠ WARNING PARAMETERS — add after all Tier rows (Break = ✓ Calculated Value gates visibility)
#,Sev,Warning Parameter Name,Threshold Condition,Standard,Dis.,Type,Name,Calculated Value Formula
1,CRITICAL,WARN_STR_REBAR_COVER_MM_FABRIC,Cover < minimum for exposure class,BS EN 1992-1-1 Table 4.4N,Common,Text,⚠ Warning: Fabric Cover,"if(TAG_WARN_VISIBLE_BOOL, WARN_STR_REBAR_COVER_MM_FABRIC, """")"

Tag Family #15: STING - Structural Area Reinforcement Tag
TAG7: STR_TAG_7_PARA_REBAR_TXT  •  Category: Structural Area Reinforcement
#,Tier,Parameter,Prefix,Suffix,Spc,Brk,Discipline,Type,Name,Formula
1,T1,ASS_TAG_1_TXT,,,0,✓,---,---,---,Add directly
2,T2,ASS_TAG_2_TXT,,,0,✓,Common,Text,Show Tier 2 - 2,"if(TAG_PARA_STATE_2_BOOL, ASS_TAG_2_TXT, """")"
3,T2,ASS_DESCRIPTION_TXT,,,0,✓,Common,Text,Show Tier 2 - 3,"if(TAG_PARA_STATE_2_BOOL, ASS_DESCRIPTION_TXT, """")"
4,T2,STR_REBAR_SIZE_MM,Bar:,mm,0,✓,Common,Text,Show Tier 2 - 4,"if(TAG_PARA_STATE_2_BOOL, STR_REBAR_SIZE_MM, """")"
5,T2,CST_S_REI_SPACING_MM,| @,mm,0,✓,Common,Text,Show Tier 2 - 5,"if(TAG_PARA_STATE_2_BOOL, CST_S_REI_SPACING_MM, """")"
6,T2,CST_S_REI_GRADE_TXT,Gr:,,0,,Common,Text,Show Tier 2 - 6,"if(TAG_PARA_STATE_2_BOOL, CST_S_REI_GRADE_TXT, """")"
7,T2,CST_S_REI_COVER_MM,Cover:,mm,0,✓,Common,Text,Show Tier 2 - 7,"if(TAG_PARA_STATE_2_BOOL, CST_S_REI_COVER_MM, """")"
8,T2,RGL_STD_TXT,Std:,,0,✓,Common,Text,Show Tier 2 - 8,"if(TAG_PARA_STATE_2_BOOL, RGL_STD_TXT, """")"
9,T3,STR_TAG_7_PARA_REBAR_TXT,,,0,✓,Common,Text,Show Tier 3 - 9,"if(TAG_PARA_STATE_3_BOOL, STR_TAG_7_PARA_REBAR_TXT, """")"
10,T3,ASS_STATUS_TXT,,,0,✓,Common,Text,Show Tier 3 - 10,"if(TAG_PARA_STATE_3_BOOL, ASS_STATUS_TXT, """")"
⚠ WARNING PARAMETERS — add after all Tier rows (Break = ✓ Calculated Value gates visibility)
#,Sev,Warning Parameter Name,Threshold Condition,Standard,Dis.,Type,Name,Calculated Value Formula
1,CRITICAL,WARN_STR_REBAR_COVER_MM_AREA,Cover < minimum for exposure class,BS EN 1992-1-1 Table 4.4N,Common,Text,⚠ Warning: Area Rebar Cover,"if(TAG_WARN_VISIBLE_BOOL, WARN_STR_REBAR_COVER_MM_AREA, """")"
2,HIGH,WARN_STR_REBAR_SPACING_MM_AREA,Bar spacing exceeds maximum for crack control,BS EN 1992-1-1 / EC2 7.3.3,Common,Text,⚠ Warning: Area Rebar Spacing,"if(TAG_WARN_VISIBLE_BOOL, WARN_STR_REBAR_SPACING_MM_AREA, """")"

Tag Family #16: STING - Structural Path Reinforcement Tag
TAG7: STR_TAG_7_PARA_REBAR_TXT  •  Category: Structural Path Reinforcement
#,Tier,Parameter,Prefix,Suffix,Spc,Brk,Discipline,Type,Name,Formula
1,T1,ASS_TAG_1_TXT,,,0,✓,---,---,---,Add directly
2,T2,ASS_TAG_2_TXT,,,0,✓,Common,Text,Show Tier 2 - 2,"if(TAG_PARA_STATE_2_BOOL, ASS_TAG_2_TXT, """")"
3,T2,ASS_DESCRIPTION_TXT,,,0,✓,Common,Text,Show Tier 2 - 3,"if(TAG_PARA_STATE_2_BOOL, ASS_DESCRIPTION_TXT, """")"
4,T2,STR_REBAR_SIZE_MM,Bar:,mm,0,✓,Common,Text,Show Tier 2 - 4,"if(TAG_PARA_STATE_2_BOOL, STR_REBAR_SIZE_MM, """")"
5,T2,CST_S_REI_SPACING_MM,| @,mm,0,✓,Common,Text,Show Tier 2 - 5,"if(TAG_PARA_STATE_2_BOOL, CST_S_REI_SPACING_MM, """")"
6,T2,CST_S_REI_COVER_MM,Cover:,mm,0,✓,Common,Text,Show Tier 2 - 6,"if(TAG_PARA_STATE_2_BOOL, CST_S_REI_COVER_MM, """")"
7,T2,RGL_STD_TXT,Std:,,0,✓,Common,Text,Show Tier 2 - 7,"if(TAG_PARA_STATE_2_BOOL, RGL_STD_TXT, """")"
8,T3,STR_TAG_7_PARA_REBAR_TXT,,,0,✓,Common,Text,Show Tier 3 - 8,"if(TAG_PARA_STATE_3_BOOL, STR_TAG_7_PARA_REBAR_TXT, """")"
9,T3,CST_S_REI_OVERLAP_LENGTH_MM,| Lap:,mm,0,✓,Common,Text,Show Tier 3 - 9,"if(TAG_PARA_STATE_3_BOOL, CST_S_REI_OVERLAP_LENGTH_MM, """")"
10,T3,ASS_STATUS_TXT,,,0,✓,Common,Text,Show Tier 3 - 10,"if(TAG_PARA_STATE_3_BOOL, ASS_STATUS_TXT, """")"
11,T3,ASS_CST_TOTAL_UGX_NR,,UGX,1,✓,Common,Text,Show Tier 3 - 11,"if(TAG_PARA_STATE_3_BOOL, ASS_CST_TOTAL_UGX_NR, """")"
12,T3,CST_DELIVERY_LEAD_TIME_DAYS,Lead:,days,0,,Common,Text,Show Tier 3 - 12,"if(TAG_PARA_STATE_3_BOOL, CST_DELIVERY_LEAD_TIME_DAYS, """")"
13,T3,CST_LOCAL_MAT_BOOL,| Local:,,0,✓,Common,Text,Show Tier 3 - 13,"if(TAG_PARA_STATE_3_BOOL, CST_LOCAL_MAT_BOOL, """")"
⚠ WARNING PARAMETERS — add after all Tier rows (Break = ✓ Calculated Value gates visibility)
#,Sev,Warning Parameter Name,Threshold Condition,Standard,Dis.,Type,Name,Calculated Value Formula
1,CRITICAL,WARN_STR_REBAR_COVER_MM_PATH,Cover < minimum for exposure class,BS EN 1992-1-1 Table 4.4N,Common,Text,⚠ Warning: Path Rebar Cover,"if(TAG_WARN_VISIBLE_BOOL, WARN_STR_REBAR_COVER_MM_PATH, """")"


Tag Family #17: STING - Internal Point Loads Tag
TAG7: STR_TAG_7_PARA_LOAD_TXT  •  Category: Internal Point Loads
#,Tier,Parameter,Prefix,Suffix,Spc,Brk,Discipline,Type,Name,Formula
1,T1,ASS_TAG_1_TXT,,,0,✓,---,---,---,Add directly
2,T2,ASS_TAG_2_TXT,,,0,✓,Common,Text,Show Tier 2 - 2,"if(TAG_PARA_STATE_2_BOOL, ASS_TAG_2_TXT, """")"
3,T2,ASS_DESCRIPTION_TXT,,,0,✓,Common,Text,Show Tier 2 - 3,"if(TAG_PARA_STATE_2_BOOL, ASS_DESCRIPTION_TXT, """")"
4,T2,STR_POINT_LOAD_KN,,kN,0,✓,Common,Text,Show Tier 2 - 4,"if(TAG_PARA_STATE_2_BOOL, STR_POINT_LOAD_KN, """")"
5,T2,STR_LOAD_CASE_TXT,LC:,,0,,Common,Text,Show Tier 2 - 5,"if(TAG_PARA_STATE_2_BOOL, STR_LOAD_CASE_TXT, """")"
6,T3,STR_TAG_7_PARA_LOAD_TXT,,,0,✓,Common,Text,Show Tier 3 - 6,"if(TAG_PARA_STATE_3_BOOL, STR_TAG_7_PARA_LOAD_TXT, """")"
7,T3,ASS_STATUS_TXT,,,0,✓,Common,Text,Show Tier 3 - 7,"if(TAG_PARA_STATE_3_BOOL, ASS_STATUS_TXT, """")"
8,T3,ASS_CST_TOTAL_UGX_NR,,UGX,1,✓,Common,Text,Show Tier 3 - 8,"if(TAG_PARA_STATE_3_BOOL, ASS_CST_TOTAL_UGX_NR, """")"
9,T3,CST_DELIVERY_LEAD_TIME_DAYS,Lead:,days,0,,Common,Text,Show Tier 3 - 9,"if(TAG_PARA_STATE_3_BOOL, CST_DELIVERY_LEAD_TIME_DAYS, """")"
10,T3,CST_LOCAL_MAT_BOOL,| Local:,,0,✓,Common,Text,Show Tier 3 - 10,"if(TAG_PARA_STATE_3_BOOL, CST_LOCAL_MAT_BOOL, """")"
⚠ WARNING PARAMETERS — add after all Tier rows (Break = ✓ Calculated Value gates visibility)
#,Sev,Warning Parameter Name,Threshold Condition,Standard,Dis.,Type,Name,Calculated Value Formula
1,HIGH,WARN_STR_LOAD_CASE_MISSING_INT_PT,STR_LOAD_CASE_TXT empty — internal load case not specified,BS EN 1990 / EC0,Common,Text,⚠ Warning: Internal Load Case Missing,"if(TAG_WARN_VISIBLE_BOOL, WARN_STR_LOAD_CASE_MISSING_INT_PT, """")"

Tag Family #18: STING - Internal Line Loads Tag
TAG7: STR_TAG_7_PARA_LOAD_TXT  •  Category: Internal Line Loads
#,Tier,Parameter,Prefix,Suffix,Spc,Brk,Discipline,Type,Name,Formula
1,T1,ASS_TAG_1_TXT,,,0,✓,---,---,---,Add directly
2,T2,ASS_TAG_2_TXT,,,0,✓,Common,Text,Show Tier 2 - 2,"if(TAG_PARA_STATE_2_BOOL, ASS_TAG_2_TXT, """")"
3,T2,ASS_DESCRIPTION_TXT,,,0,✓,Common,Text,Show Tier 2 - 3,"if(TAG_PARA_STATE_2_BOOL, ASS_DESCRIPTION_TXT, """")"
4,T2,STR_LINE_LOAD_KN_M,,kN/m,0,✓,Common,Text,Show Tier 2 - 4,"if(TAG_PARA_STATE_2_BOOL, STR_LINE_LOAD_KN_M, """")"
5,T2,STR_LOAD_CASE_TXT,LC:,,0,,Common,Text,Show Tier 2 - 5,"if(TAG_PARA_STATE_2_BOOL, STR_LOAD_CASE_TXT, """")"
6,T3,STR_TAG_7_PARA_LOAD_TXT,,,0,✓,Common,Text,Show Tier 3 - 6,"if(TAG_PARA_STATE_3_BOOL, STR_TAG_7_PARA_LOAD_TXT, """")"
7,T3,ASS_STATUS_TXT,,,0,✓,Common,Text,Show Tier 3 - 7,"if(TAG_PARA_STATE_3_BOOL, ASS_STATUS_TXT, """")"
8,T3,ASS_CST_TOTAL_UGX_NR,,UGX,1,✓,Common,Text,Show Tier 3 - 8,"if(TAG_PARA_STATE_3_BOOL, ASS_CST_TOTAL_UGX_NR, """")"
9,T3,CST_DELIVERY_LEAD_TIME_DAYS,Lead:,days,0,,Common,Text,Show Tier 3 - 9,"if(TAG_PARA_STATE_3_BOOL, CST_DELIVERY_LEAD_TIME_DAYS, """")"
10,T3,CST_LOCAL_MAT_BOOL,| Local:,,0,✓,Common,Text,Show Tier 3 - 10,"if(TAG_PARA_STATE_3_BOOL, CST_LOCAL_MAT_BOOL, """")"
⚠ WARNING PARAMETERS — add after all Tier rows (Break = ✓ Calculated Value gates visibility)
#,Sev,Warning Parameter Name,Threshold Condition,Standard,Dis.,Type,Name,Calculated Value Formula
1,HIGH,WARN_STR_LOAD_CASE_MISSING_INT_LN,STR_LOAD_CASE_TXT empty — internal load case not specified,BS EN 1990 / EC0,Common,Text,⚠ Warning: Internal Load Case Missing,"if(TAG_WARN_VISIBLE_BOOL, WARN_STR_LOAD_CASE_MISSING_INT_LN, """")"

Tag Family #19: STING - Internal Area Loads Tag
TAG7: STR_TAG_7_PARA_LOAD_TXT  •  Category: Internal Area Loads
#,Tier,Parameter,Prefix,Suffix,Spc,Brk,Discipline,Type,Name,Formula
1,T1,ASS_TAG_1_TXT,,,0,✓,---,---,---,Add directly
2,T2,ASS_TAG_2_TXT,,,0,✓,Common,Text,Show Tier 2 - 2,"if(TAG_PARA_STATE_2_BOOL, ASS_TAG_2_TXT, """")"
3,T2,ASS_DESCRIPTION_TXT,,,0,✓,Common,Text,Show Tier 2 - 3,"if(TAG_PARA_STATE_2_BOOL, ASS_DESCRIPTION_TXT, """")"
4,T2,STR_AREA_LOAD_KN_M2,,kN/m²,0,✓,Common,Text,Show Tier 2 - 4,"if(TAG_PARA_STATE_2_BOOL, STR_AREA_LOAD_KN_M2, """")"
5,T2,STR_LOAD_CASE_TXT,LC:,,0,,Common,Text,Show Tier 2 - 5,"if(TAG_PARA_STATE_2_BOOL, STR_LOAD_CASE_TXT, """")"
6,T3,STR_TAG_7_PARA_LOAD_TXT,,,0,✓,Common,Text,Show Tier 3 - 6,"if(TAG_PARA_STATE_3_BOOL, STR_TAG_7_PARA_LOAD_TXT, """")"
7,T3,ASS_STATUS_TXT,,,0,✓,Common,Text,Show Tier 3 - 7,"if(TAG_PARA_STATE_3_BOOL, ASS_STATUS_TXT, """")"
8,T3,ASS_CST_TOTAL_UGX_NR,,UGX,1,✓,Common,Text,Show Tier 3 - 8,"if(TAG_PARA_STATE_3_BOOL, ASS_CST_TOTAL_UGX_NR, """")"
9,T3,CST_DELIVERY_LEAD_TIME_DAYS,Lead:,days,0,,Common,Text,Show Tier 3 - 9,"if(TAG_PARA_STATE_3_BOOL, CST_DELIVERY_LEAD_TIME_DAYS, """")"
10,T3,CST_LOCAL_MAT_BOOL,| Local:,,0,✓,Common,Text,Show Tier 3 - 10,"if(TAG_PARA_STATE_3_BOOL, CST_LOCAL_MAT_BOOL, """")"
⚠ WARNING PARAMETERS — add after all Tier rows (Break = ✓ Calculated Value gates visibility)
#,Sev,Warning Parameter Name,Threshold Condition,Standard,Dis.,Type,Name,Calculated Value Formula
1,HIGH,WARN_STR_LOAD_CASE_MISSING_INT_AR,STR_LOAD_CASE_TXT empty — internal load case not specified,BS EN 1991-1-1 / EC1,Common,Text,⚠ Warning: Internal Load Case Missing,"if(TAG_WARN_VISIBLE_BOOL, WARN_STR_LOAD_CASE_MISSING_INT_AR, """")"

6G — Analytical Model
Tag Family #20: STING - Analytical Members Tag
TAG7: STR_TAG_7_PARA_ANLYT_TXT  •  Category: Analytical Members
#,Tier,Parameter,Prefix,Suffix,Spc,Brk,Discipline,Type,Name,Formula
1,T1,ASS_TAG_1_TXT,,,0,✓,---,---,---,Add directly
2,T2,ASS_TAG_2_TXT,,,0,✓,Common,Text,Show Tier 2 - 2,"if(TAG_PARA_STATE_2_BOOL, ASS_TAG_2_TXT, """")"
3,T2,ASS_DESCRIPTION_TXT,,,0,✓,Common,Text,Show Tier 2 - 3,"if(TAG_PARA_STATE_2_BOOL, ASS_DESCRIPTION_TXT, """")"
4,T2,STR_SECTION_PROFILE_TXT,Section:,,0,,Common,Text,Show Tier 2 - 4,"if(TAG_PARA_STATE_2_BOOL, STR_SECTION_PROFILE_TXT, """")"
5,T2,STR_MATERIAL_GRADE_TXT,Grade:,,0,,Common,Text,Show Tier 2 - 5,"if(TAG_PARA_STATE_2_BOOL, STR_MATERIAL_GRADE_TXT, """")"
6,T3,STR_TAG_7_PARA_ANLYT_TXT,,,0,✓,Common,Text,Show Tier 3 - 6,"if(TAG_PARA_STATE_3_BOOL, STR_TAG_7_PARA_ANLYT_TXT, """")"
7,T3,ASS_STATUS_TXT,,,0,✓,Common,Text,Show Tier 3 - 7,"if(TAG_PARA_STATE_3_BOOL, ASS_STATUS_TXT, """")"
8,T3,ASS_CST_TOTAL_UGX_NR,,UGX,1,✓,Common,Text,Show Tier 3 - 8,"if(TAG_PARA_STATE_3_BOOL, ASS_CST_TOTAL_UGX_NR, """")"
9,T3,CST_DELIVERY_LEAD_TIME_DAYS,Lead:,days,0,,Common,Text,Show Tier 3 - 9,"if(TAG_PARA_STATE_3_BOOL, CST_DELIVERY_LEAD_TIME_DAYS, """")"
10,T3,CST_LOCAL_MAT_BOOL,| Local:,,0,✓,Common,Text,Show Tier 3 - 10,"if(TAG_PARA_STATE_3_BOOL, CST_LOCAL_MAT_BOOL, """")"
⚠ WARNING PARAMETERS — add after all Tier rows (Break = ✓ Calculated Value gates visibility)
#,Sev,Warning Parameter Name,Threshold Condition,Standard,Dis.,Type,Name,Calculated Value Formula
1,HIGH,WARN_STR_ANLYT_NO_HOST,Analytical member has no physical host element,BS EN 1992-1-1 / BS EN 1993-1-1,Common,Text,⚠ Warning: No Physical Host,"if(TAG_WARN_VISIBLE_BOOL, WARN_STR_ANLYT_NO_HOST, """")"
Tag Family #21: STING - Structural Sheet Tag
TAG7: SHT_TAG_7_TXT  •  Category: Sheets — Structural discipline
#,Tier,Parameter,Prefix,Suffix,Spc,Brk,Discipline,Type,Name,Formula
1,T1,SHT_TAG_1_TXT,,,0,✓,---,---,---,Add directly
2,T2,SHT_DISC_TXT,Disc:,,0,✓,Common,Text,Show Tier 2 - 2,"if(TAG_PARA_STATE_2_BOOL, SHT_DISC_TXT, """")"
3,T2,SHT_FORM_TXT,Form:,,0,,Common,Text,Show Tier 2 - 3,"if(TAG_PARA_STATE_2_BOOL, SHT_FORM_TXT, """")"
4,T2,SHT_LEVEL_TXT,Level:,,0,,Common,Text,Show Tier 2 - 4,"if(TAG_PARA_STATE_2_BOOL, SHT_LEVEL_TXT, """")"
5,T2,SHT_NUMBER_TXT,No:,,0,,Common,Text,Show Tier 2 - 5,"if(TAG_PARA_STATE_2_BOOL, SHT_NUMBER_TXT, """")"
6,T2,SHT_NAME_TXT,Name:,,0,,Common,Text,Show Tier 2 - 6,"if(TAG_PARA_STATE_2_BOOL, SHT_NAME_TXT, """")"
7,T3,SHT_TAG_7_TXT,,,0,✓,Common,Text,Show Tier 3 - 7,"if(TAG_PARA_STATE_3_BOOL, SHT_TAG_7_TXT, """")"
⚠ WARNING PARAMETERS — add after all Tier rows (Break = ✓ Calculated Value gates visibility)
#,Sev,Warning Parameter Name,Threshold Condition,Standard,Dis.,Type,Name,Calculated Value Formula
1,MEDIUM,WARN_SHT_NAMING_STR,Sheet name does not match ISO 19650 naming convention for structural drawings,ISO 19650-2 / BS EN ISO 7200,Common,Text,⚠ Warning: Sheet Naming Convention,"if(TAG_WARN_VISIBLE_BOOL, WARN_SHT_NAMING_STR, """")"
